,Link1,Title
0,/p/d2580999b8c4?source=topic_page---------0------------------20,Apple’s New iPhones Are Simply Excellent
1,/p/4eb38a2e5610?source=topic_page---------1------------------20,Apple’s iPhone Event Signals a Design Inflection Point
2,/p/8985870471a5?source=topic_page---------2------------------20,Design Won't Save the World
3,/p/f120f2899677?source=topic_page---------3------------------20,Our Online Behavior is a Design Problem
4,/p/e4aa32bbf947?source=topic_page---------0------------------1,Rationalizing the Overlapping Journeys in Customer Experience
5,/p/50056ecf1576?source=topic_page---------1------------------1,Eric and The Windmill
6,/p/ac7b55f7081b?source=topic_page---------2------------------1,Designing a travel log mobile app.
7,/p/9a3ea924fd5e?source=topic_page---------4------------------1,Prototyping a Mobile AR Wayfinding App With Torch AR
8,/p/1ef241a387b7?source=topic_page---------5------------------1,Experience design that combats the transactional.
9,/p/eb73f62d17fc?source=topic_page---------6------------------1,In Pursuit of Inclusive AI
10,/p/546fff0b026?source=topic_page---------7------------------1,"What is humane product design, really?"
11,/p/353fef02b789?source=topic_page---------8------------------1,"Out with the New, In with the Old"
12,/p/267684955247?source=topic_page---------9------------------1,Unraveling the myth of seamless design
13,/p/dda623edcaaa?source=topic_page---------10------------------1,Fashion Is Dead (And Other Reasons Why We Should Just Go Naked)
14,/p/1dbff0db1fc5?source=topic_page---------11------------------1,The Key to Unlocking Design Skills
15,/p/9e67b2584bf1?source=topic_page---------12------------------1,What makes a good design consultant?
16,/p/cde4417cd53d?source=topic_page---------13------------------1,Why good service design doesn’t guarantee loyal customers
17,/p/36e918304b11?source=topic_page---------14------------------1,The Landscape of Tactile Typography
18,/p/10cdd3ac4fdc?source=topic_page---------15------------------1,If Screen Product Designers Designed Physical Products
19,/p/4f883ec823fd?source=topic_page---------16------------------1,The Death of Male Pajamas
20,/p/8d46155c933f?source=topic_page---------17------------------1,Is UX Design a Science?
21,/p/47a97cec0129?source=topic_page---------18------------------1,Future of MEP Installation — Robotics?
22,/p/a69b38659e2d?source=topic_page---------19------------------1,Experience Design to Overcome Misperceptions of a Community
23,/p/8998eef9ce34?source=topic_page---------20------------------1,The Horrifying Return of Bad 90’s Men’s Fashion
24,/p/73daf4d2d63?source=topic_page---------21------------------1,The macro impact of micro-climates
25,/p/eb44323c1c41?source=topic_page---------22------------------1,What Eight Google Products Looked Like When They Were Brand-New
26,/p/5d815bc420f8?source=topic_page---------23------------------1,We’ve Managed to Invent Something Even Worse than Open Offices
27,/p/f3844f232b13?source=topic_page---------24------------------1,How to learn from Apple’s mistakes on website accessibility
28,/p/6a3658f7cfd6?source=topic_page---------25------------------1,Luxury Fashion Begins to Move Manufacturing to Southeast Europe
29,/p/727c8ece07b7?source=topic_page---------26------------------1,10 things I wish I knew before my first corporate UX design job
30,/p/9e604ba22c88?source=topic_page---------27------------------1,Re-approaching Color
31,/p/a6ce3092f8be?source=topic_page---------28------------------1,How Lars Lundbye creates space by creating the context for life to bloom
32,/p/b88e92751078?source=topic_page---------29------------------1,Why Office Buildings Should Have Super Slides
33,/p/86f8593cea1c?source=topic_page---------30------------------1,The Complete Guide to Building a WordPress Speed Optimization Plan
34,/p/6c3f093efdb7?source=topic_page---------31------------------1,Why the World Cup Suddenly Has So Many Goals
35,/p/c8ef7dabff2c?source=topic_page---------32------------------1,"Lululemon, the Brand That Invented Athleisure, Plans Its Second Act"
36,/p/1f5b491c4f19?source=topic_page---------33------------------1,EWG App Case Study
37,/p/b9a17ecd916?source=topic_page---------34------------------1,Why it is time to start A Horror Vacui (design trend 3/5)
38,/p/8d1c2c8aec11?source=topic_page---------35------------------1,Practice makes awkward: a case for prioritizing connections over corrections in user interviews
39,/p/e41158dbc6e5?source=topic_page---------36------------------1,Who are the founders of UX Design?
40,/p/fa84907a6a48?source=topic_page---------37------------------1,Cryptocurrency Personas
41,/p/ae22f477e9c9?source=topic_page---------38------------------1,Unleash the (Smart City) Power Within!
42,/p/5136661d0f96?source=topic_page---------39------------------1,The Many Personas of Usability Testers
43,/p/eb44d346c838?source=topic_page---------40------------------1,Think your startup idea will work? Run a premortem for the best chance at success
44,/p/d2c803cea68a?source=topic_page---------41------------------1,What I Learned from My First UX Internship at the Home Depot
45,/p/2daa53a80e86?source=topic_page---------42------------------1,This Reusable Beer Bottle Could Change the Way America Drinks
46,/p/5f170e7d3006?source=topic_page---------43------------------1,Locating the In-Between: South Texas and Antonio García Cubas’ Map of Tamaulipas (1858)
47,/p/3b562f45db94?source=topic_page---------44------------------1,"How to lead an intranet, without causing (too many) office grumbles"
48,/p/ee59c28b881a?source=topic_page---------45------------------1,A model is only as good as its story
49,/p/4cb715abdfe1?source=topic_page---------46------------------1,Redefining New York Public Library’s Digital Search Experience with the Enhancement of AI
50,/p/1f2982b6d62a?source=topic_page---------47------------------1,Ambiguity and the Design Process
51,/p/d74caf08d4e1?source=topic_page---------48------------------1,Common Pitfalls when Serving SVGs and How to Solve Them
52,/p/43cc04db019c?source=topic_page---------49------------------1,7 school chairs of your past selling in auctions and displayed in museums
53,/p/8193738978d7?source=topic_page---------50------------------1,The One Reason Being a Designer Helps You Code.
54,/p/549e83514587?source=topic_page---------51------------------1,A lightbulb is not an idea!
55,/p/79c45faebc05?source=topic_page---------52------------------1,Hooked on Loot Boxes: How Behavioral Design Gets Gamers
56,/p/7f1256cb91bd?source=topic_page---------53------------------1,Tips for building business to business products
57,/p/8be1807cb2b3?source=topic_page---------54------------------1,Want to fix the Housing Affordability Crisis? Increase the Supply of Great Cities.
58,/p/60769ec60cd?source=topic_page---------55------------------1,Letter of Recommendation: Murphy Beds
59,/p/891982d8611d?source=topic_page---------56------------------1,"The Future of Humanity Depends on Design Ethics, Says Tim Wu"
60,/p/d5e02e2fd8d6?source=topic_page---------57------------------1,"Why urban tech should empower cities, not solve them."
61,/p/acc4ab8a229c?source=topic_page---------58------------------1,Why Are Custom Products so Difficult to Get Right?
62,/p/92aeecbef4bd?source=topic_page---------59------------------1,Pride and Prejudice and Personas
63,/p/2816d779d4a0?source=topic_page---------60------------------1,‘Unboxing’ at Behavior Design Amsterdam #16
64,/p/ba162d6faf53?source=topic_page---------61------------------1,Design better gradients
65,/p/f7be15b78b31?source=topic_page---------62------------------1,"The problem with trusting experience over expertise (a story about design thinking, astronauts…"
66,/p/75a66e084257?source=topic_page---------63------------------1,When to Ask Forgiveness and Secretly Build a Product Anyway
67,/p/3abaccef2a5f?source=topic_page---------64------------------1,8 Tips to Design a Notorious Logo
68,/p/a237fbcd20ed?source=topic_page---------65------------------1,Y-Prize 2018: Embodied Logic and Surface Wrinkle Printing
69,/p/630674d328aa?source=topic_page---------66------------------1,Breaking the Mobile UX Design Rules
70,/p/be2a62ebb997?source=topic_page---------67------------------1,An Introduction to Usability
71,/p/2da57abf4a2c?source=topic_page---------68------------------1,On The Future Of Yeezys: Why Kanye West And Adidas Have Reached The End Of The Line
72,/p/7a3cf5da76cb?source=topic_page---------69------------------1,Re-designing the aesthetic of the future
73,/p/70cf66ff7a4e?source=topic_page---------70------------------1,Archives 101: Phase Boxing the Spanish Collection Volumes
74,/p/9d57f0656189?source=topic_page---------71------------------1,Defining Your UX Process
75,/p/ff9db8227e6f?source=topic_page---------72------------------1,"The Past, Present and Not-So-Far Future of Sustainable Fashion"
76,/p/7fed1ea3c7a1?source=topic_page---------73------------------1,How Not to Be Bamboozled by Japanese Design
77,/p/222f3bcc3255?source=topic_page---------74------------------1,UX vs UI vs IA vs IxD: 4 Confusing Digital Design Terms Explained
78,/p/efe9f01a33d8?source=topic_page---------75------------------1,How The Design World Is Being Ripped Apart Right Now
79,/p/5874c0439a01?source=topic_page---------76------------------1,An interview with Awkward co-founder Kevin Kalle
80,/p/ec94c442ec19?source=topic_page---------77------------------1,Why You Shouldn’t Focus Too Much On Negative Feedback From Users
81,/p/fa403d5fb705?source=topic_page---------78------------------1,Designing for nonhumans: some thoughts
82,/p/d2580999b8c4?source=topic_page---------79------------------1,Apple’s New iPhones Are Simply Excellent
83,/p/7ad939e46852?source=topic_page---------80------------------1,How You’re Being Manipulated By Software
84,/p/426e2eb3c47?source=topic_page---------81------------------1,Will operating systems annihilate apps?
85,/p/f6ac3e5c26a0?source=topic_page---------82------------------1,Getting started with UX research
86,/p/e6b7636a454d?source=topic_page---------83------------------1,Having a Laugh: Humor and Chatbot User Experience
87,/p/493f6db59e86?source=topic_page---------84------------------1,What is wrong with the SoundCloud App? — a UX case study
88,/p/8af56109ff30?source=topic_page---------85------------------1,An idea for a mindful loading animation
89,/p/89b6b163e4d5?source=topic_page---------86------------------1,Design And Creativity Is Top-Class Sport
90,/p/1944ebe1a86?source=topic_page---------87------------------1,What is a good website?
91,/p/723fd637bd35?source=topic_page---------88------------------1,Avatar-First Products & Platforms
92,/p/c12382e900e?source=topic_page---------89------------------1,Getting serious about the UX of serious games
93,/p/c6849c8f09d?source=topic_page---------90------------------1,Examining the Crystal Palace and Other Cultural Artifacts of the World’s Fairs
94,/p/875385b3eac5?source=topic_page---------91------------------1,How to Build a Better Childhood
95,/p/a833760b7b1c?source=topic_page---------92------------------1,Biomimicry Innovation Lab
96,/p/caaf887582f8?source=topic_page---------93------------------1,Pender Island Cabin
97,/p/118e7628dcfd?source=topic_page---------94------------------1,Chasing buses — a UX case study
98,/p/bfabc36ff06d?source=topic_page---------95------------------1,How to Create Your First Minimum Viable Product
99,/p/c0fd40a52900?source=topic_page---------96------------------1,A computer’s understanding of space for Augmented Reality
100,/p/a0740c24c5b4?source=topic_page---------97------------------1,How Austin’s design hurts minorities
101,/p/866948355fe9?source=topic_page---------98------------------1,Designing a place for designers
102,/p/cbd9637f6901?source=topic_page---------99------------------1,What does a Service Designer do?
103,/p/1094bf7841f7?source=topic_page---------100------------------1,When Your Design Presentation Bombs
104,/p/bc2ac6da1b6?source=topic_page---------101------------------1,The complexities of building a stock table using International data
105,/p/2a0812785d56?source=topic_page---------102------------------1,My aha moment as a UX designer
106,/p/bf6c846aa764?source=topic_page---------103------------------1,Level Up Your Powerpoint Presentation with Two Easy Hacks
107,/p/59112cbf4c49?source=topic_page---------104------------------1,A brief history of the numeric keypad
108,/p/82f1babeb3c2?source=topic_page---------105------------------1,A Close Reading of the Art of “Adventure Time: Islands”
109,/p/85f90a9ab31a?source=topic_page---------106------------------1,Animate web page elements with Keyframes
110,/p/d885e9d2d347?source=topic_page---------107------------------1,How brushing up on philosophy is the key to disruption
111,/p/8ff5b023a203?source=topic_page---------108------------------1,10 Thoughts on Designing and Building at Burning Man
112,/p/e63b5897d359?source=topic_page---------109------------------1,Cracking A/B Testing in Your Product
113,/p/544e768f974?source=topic_page---------110------------------1,The Trips and Tips That Inspired These Designers’ Excellent Travel Bags
114,/p/f382bfbf4dc6?source=topic_page---------111------------------1,How to Create Quality Landing Pages: The Definitive Guide
115,/p/4eb38a2e5610?source=topic_page---------112------------------1,Apple’s iPhone Event Signals a Design Inflection Point
116,/p/10bd98614fa9?source=topic_page---------113------------------1,The ultimate guide to proper use of animation in UX
117,/p/d6e2570629b5?source=topic_page---------114------------------1,Daily UI Challenge 006 — User Profile
118,/p/c6ccdb88c433?source=topic_page---------115------------------1,Design strategy: the secret to survive in the transformational era.
119,/p/d0b9583927ab?source=topic_page---------116------------------1,How Learning to Code Impacted My Daily Job as a Designer
120,/p/624bc0caa83a?source=topic_page---------117------------------1,Meeting users where they are
121,/p/e2f999c22aa6?source=topic_page---------118------------------1,Good Shop App: designing for conscious consumers
122,/p/52eef4503076?source=topic_page---------119------------------1,Taking Ownership As a New Grad Designer at Google
123,/p/10809da49f5f?source=topic_page---------120------------------1,Design System Imposter Syndrome
124,/p/3ac77bf43e64?source=topic_page---------121------------------1,Adding Color and Pattern to Designs
125,/p/23a6485a6f29?source=topic_page---------122------------------1,Disruptive Interfaces & The Emerging Battle To Be The Default
126,/p/20468e489ccb?source=topic_page---------123------------------1,Apple products in 2028
127,/p/b4c22a7a0f0e?source=topic_page---------124------------------1,Designing for Influence: The Power of Performance
128,/p/6021737295b1?source=topic_page---------125------------------1,Hopia Like It! Redesign | A UX/UI Project
129,/p/a0588eb01bcf?source=topic_page---------126------------------1,Design is a not an individual sport
130,/p/95c3823d7a5f?source=topic_page---------127------------------1,Travel Application Design Project
131,/p/5145ccc11648?source=topic_page---------128------------------1,The Architecture of Food Systems
132,/p/98c44cc32104?source=topic_page---------129------------------1,New York Times x Google Maps: UX Case Study
133,/p/7f6758b599c4?source=topic_page---------130------------------1,"Helping users “get it:” The often overlooked, churn-stopping power of Product Education"
134,/p/d2a18d7b481a?source=topic_page---------131------------------1,Power up to wire down
135,/p/43497bf47003?source=topic_page---------132------------------1,Why UX writing is the key to better products
136,/p/bc2fb73d161e?source=topic_page---------133------------------1,10 Color Palettes from the Natural World to Inspire Your Creative Streak
137,/p/40a3307cddd4?source=topic_page---------134------------------1,Insights of effective on-site search on an ecommerce website
138,/p/7a886f3df7b9?source=topic_page---------135------------------1,Everywoman’s Health Centre: UX Redesign and Responsive Design
139,/p/bf6ea35e5574?source=topic_page---------136------------------1,The 4 Basic Observations to Remember When Designing VR Menus
140,/p/93e63ea66897?source=topic_page---------137------------------1,Elevators — The Next Frontier of Mobility
141,/p/66cf9bc300c5?source=topic_page---------138------------------1,Disruption By Design
142,/p/18a58a1c8411?source=topic_page---------139------------------1,Xamarin iOS Validation Text Field Tutorial
143,/p/87d00f446a?source=topic_page---------140------------------1,Project FLYWHEEL Digital
144,/p/2009bc1bdc2a?source=topic_page---------141------------------1,Can design save the world?
145,/p/ad5472079de?source=topic_page---------142------------------1,What is Good Design?
146,/p/34d20d7d22d7?source=topic_page---------143------------------1,Is Augmented Reality the future of UX?
147,/p/7ade6dcb88e?source=topic_page---------144------------------1,Color Theory In Practice
148,/p/948980bfae20?source=topic_page---------145------------------1,How to Implement Modular Web Design
149,/p/e84a3708482?source=topic_page---------146------------------1,Why modular homes can increase your quality of life
150,/p/1987c85fee6b?source=topic_page---------147------------------1,Rethinking the future of governance through games
151,/p/80cf3b2c802e?source=topic_page---------148------------------1,A Crisis of Permissions
152,/p/c5589a738515?source=topic_page---------149------------------1,Science in the System: Turning Squares into Circles
153,/p/291efac43037?source=topic_page---------150------------------1,"How to not suck at design, a 5 minute guide for the non-designer."
154,/p/2c200b8e337d?source=topic_page---------151------------------1,The Ideal Design Workflow
155,/p/1981a2af1fda?source=topic_page---------152------------------1,"Before you can master design, you must first master the fundamentals"
156,/p/4d81e12cbc3e?source=topic_page---------153------------------1,Design Doesn’t Scale.
157,/p/463526af852f?source=topic_page---------154------------------1,100 days of motion design
158,/p/ac7289549017?source=topic_page---------155------------------1,Design’s Lost Generation
159,/p/9709572cb3ff?source=topic_page---------156------------------1,What is Product Design?
160,/p/86a816e2bf07?source=topic_page---------157------------------1,Designing for suicidal users: preventing suicide the modern way
161,/p/83d8e55c00c?source=topic_page---------158------------------1,Altered Carbon Architecture — finding inspiration in today’s radical concepts
162,/p/f12411072882?source=topic_page---------159------------------1,The Layers of Architectural Design
163,/p/c2738a87a8?source=topic_page---------160------------------1,A Visual History of the Creation of Disneyland
164,/p/207e7c248540?source=topic_page---------161------------------1,Adaptive urban design
165,/p/551bcabeb130?source=topic_page---------162------------------1,We Need Human-Centered Architecture Back!
166,/p/a3f3ae03be2f?source=topic_page---------163------------------1,Space as Interface
167,/p/8985870471a5?source=topic_page---------164------------------1,Design Won't Save the World
168,/p/f120f2899677?source=topic_page---------165------------------1,Our Online Behavior is a Design Problem
169,/p/1caf6ed9108b?source=topic_page---------166------------------1,Procedurally Generated Jewelry
